﻿<Patch>

	<Operation Class="PatchOperationSequence">
		<success>Always</success>
		<operations>
			<li Class="PatchOperationTest">
				<xpath>Defs/TerrainDef[defName = "WaterDeep"]/affordances</xpath>
				<success>Invert</success>
			</li>
			<li Class="PatchOperationAdd">
				<xpath>Defs/TerrainDef[defName = "WaterDeep"]</xpath>
				<value>
					<affordances/>
				</value>
			</li>
		</operations>
	</Operation>

	<Operation Class="PatchOperationAdd">
		<xpath>Defs/TerrainDef[defName = "WaterDeep"]/affordances</xpath>
		<value>
			<li>Scenic</li>
			<li>BridgeableDeep</li>
		</value>
	</Operation>

	<Operation Class="PatchOperationSequence">
		<success>Always</success>
		<operations>
			<li Class="PatchOperationTest">
				<xpath>Defs/TerrainDef[defName = "WaterOceanDeep"]/affordances</xpath>
				<success>Invert</success>
			</li>
			<li Class="PatchOperationAdd">
				<xpath>Defs/TerrainDef[defName = "WaterOceanDeep"]</xpath>
				<value>
					<affordances/>
				</value>
			</li>
		</operations>
	</Operation>

	<Operation Class="PatchOperationAdd">
		<xpath>Defs/TerrainDef[defName = "WaterOceanDeep"]/affordances</xpath>
		<value>
			<li>Scenic</li>
			<li>BridgeableDeep</li>
		</value>
	</Operation>

	<Operation Class="PatchOperationSequence">
		<success>Always</success>
		<operations>
			<li Class="PatchOperationTest">
				<xpath>Defs/TerrainDef[defName = "WaterMovingChestDeep"]/affordances</xpath>
				<success>Invert</success>
			</li>
			<li Class="PatchOperationAdd">
				<xpath>Defs/TerrainDef[defName = "WaterMovingChestDeep"]</xpath>
				<value>
					<affordances/>
				</value>
			</li>
		</operations>
	</Operation>

	<Operation Class="PatchOperationAdd">
		<xpath>Defs/TerrainDef[defName = "WaterMovingChestDeep"]/affordances</xpath>
		<value>
			<li>Scenic</li>
			<li>BridgeableDeep</li>
		</value>
	</Operation>

	<Operation Class="PatchOperationReplace">
		<xpath>Defs/TerrainDef[defName = "WaterMovingChestDeep"]/label</xpath>
		<value>
			<label>deep moving water</label>
		</value>
	</Operation>
	
	<Operation Class="PatchOperationSequence">
		<success>Always</success>
		<operations>
			<li Class="PatchOperationTest">
				<xpath>Defs/TerrainDef[defName = "WaterShallow"]/affordances</xpath>
				<success>Invert</success>
			</li>
			<li Class="PatchOperationAdd">
				<xpath>Defs/TerrainDef[defName = "WaterShallow"]</xpath>
				<value>
					<affordances/>
				</value>
			</li>
		</operations>
	</Operation>

	<Operation Class="PatchOperationAdd">
		<xpath>Defs/TerrainDef[defName = "WaterShallow"]/affordances</xpath>
		<value>
			<li>Scenic</li>
		</value>
	</Operation>

	<Operation Class="PatchOperationSequence">
		<success>Always</success>
		<operations>
			<li Class="PatchOperationTest">
				<xpath>Defs/TerrainDef[defName = "WaterOceanShallow"]/affordances</xpath>
				<success>Invert</success>
			</li>
			<li Class="PatchOperationAdd">
				<xpath>Defs/TerrainDef[defName = "WaterOceanShallow"]</xpath>
				<value>
					<affordances/>
				</value>
			</li>
		</operations>
	</Operation>

	<Operation Class="PatchOperationAdd">
		<xpath>Defs/TerrainDef[defName = "WaterOceanShallow"]/affordances</xpath>
		<value>
			<li>Scenic</li>
		</value>
	</Operation>	
	
	<Operation Class="PatchOperationSequence">
		<success>Always</success>
		<operations>
			<li Class="PatchOperationTest">
				<xpath>Defs/TerrainDef[defName = "WaterMovingShallow"]/affordances</xpath>
				<success>Invert</success>
			</li>
			<li Class="PatchOperationAdd">
				<xpath>Defs/TerrainDef[defName = "WaterMovingShallow"]</xpath>
				<value>
					<affordances/>
				</value>
			</li>
		</operations>
	</Operation>

	<Operation Class="PatchOperationAdd">
		<xpath>Defs/TerrainDef[defName = "WaterMovingShallow"]/affordances</xpath>
		<value>
			<li>Scenic</li>
		</value>
	</Operation>	
	
	<Operation Class="PatchOperationSequence">
		<success>Always</success>
		<operations>
			<li Class="PatchOperationTest">
				<xpath>Defs/TerrainDef[defName = "Marsh"]/affordances</xpath>
				<success>Invert</success>
			</li>
			<li Class="PatchOperationAdd">
				<xpath>Defs/TerrainDef[defName = "Marsh"]</xpath>
				<value>
					<affordances/>
				</value>
			</li>
		</operations>
	</Operation>

	<Operation Class="PatchOperationAdd">
		<xpath>Defs/TerrainDef[defName = "Marsh"]/affordances</xpath>
		<value>
			<li>Scenic</li>
		</value>
	</Operation>

	<Operation Class="PatchOperationAdd">
		<xpath>Defs/TerrainDef[defName = "Bridge"]</xpath>
		<value>
			<placeWorkers>
				<li>RBB_Code.PlaceWorker_VBridgeBase</li>
			</placeWorkers>
		</value>
	</Operation>

	<Operation Class="PatchOperationRemove">
		<xpath>Defs/TerrainDef[defName = "Bridge"]/affordances</xpath>
	</Operation>
	
	<Operation Class="PatchOperationAdd">
		<xpath>Defs/TerrainDef[defName = "Bridge"]</xpath>
		<value>
			<affordances><li>Light</li></affordances>
		</value>
	</Operation>
	
	<Operation Class="PatchOperationAdd">
		<xpath>Defs/TerrainDef[@Name = "FloorBase"]</xpath>
		<value>
			<placeWorkers>
				<li>RBB_Code.PlaceWorker_FloorBase</li>
			</placeWorkers>
		</value>
	</Operation>

	<Operation Class="PatchOperationAdd">
		<success>Always</success>
		<xpath>Defs/StuffedFloors.FloorTypeDef[@Name = "StuffedFloorsBase"]</xpath>
		<value>
			<placeWorkers>
				<li>RBB_Code.PlaceWorker_FloorBase</li>
			</placeWorkers>
		</value>
	</Operation>

	<Operation Class="PatchOperationRemove">
		<success>Always</success>
		<xpath>Defs/TerrainDef[defName = "IceDMT"]/affordances</xpath>
	</Operation>

	<Operation Class="PatchOperationAdd">
		<success>Always</success>
		<xpath>Defs/TerrainDef[defName = "IceDMT"]</xpath>
		<value>
			<affordances>
				<li>Scenic</li>
				<li>BridgeableDeep</li>
				<li>Permafrost_Ice</li>
			</affordances>
		</value>
	</Operation>

	<Operation Class="PatchOperationRemove">
		<success>Always</success>
		<xpath>Defs/TerrainDef[defName = "IceDM"]/affordances</xpath>
	</Operation>

	<Operation Class="PatchOperationAdd">
		<success>Always</success>
		<xpath>Defs/TerrainDef[defName = "IceDM"]</xpath>
		<value>
			<affordances>
				<li>Scenic</li>
				<li>BridgeableDeep</li>
				<li>Permafrost_Ice</li>
			</affordances>
		</value>
	</Operation>

</Patch>
