﻿<?xml version="1.0" encoding="utf-8" ?>
<Defs>

	<!-- Light Bridge Terrains -->
	
	<TerrainDef>
		<defName>BridgeWaterDeep</defName>
		<label>deep water (under bridge)</label>
		<texturePath>Terrain/Surfaces/WaterDeepRamp</texturePath>
		<waterDepthShader>Map/WaterDepth</waterDepthShader>
		<edgeType>Water</edgeType>
		<renderPrecedence>395</renderPrecedence>
		<pathCost>0</pathCost>
		<fertility>0</fertility>
		<affordances>
			<li>Light</li>
		</affordances>
		<tags>
			<li>Water</li>
		</tags>
		<holdSnow>false</holdSnow>
	</TerrainDef>

	<TerrainDef>
		<defName>BridgeWaterOceanDeep</defName>
		<label>deep ocean water (under bridge)</label>
		<texturePath>Terrain/Surfaces/WaterDeepRamp</texturePath>
		<waterDepthShader>Map/WaterDepth</waterDepthShader>
		<edgeType>Water</edgeType>
		<renderPrecedence>397</renderPrecedence>
		<pathCost>0</pathCost>
		<fertility>0</fertility>
		<affordances>
			<li>Light</li>
		</affordances>
		<tags>
			<li>Water</li>
		</tags>
		<holdSnow>false</holdSnow>
	</TerrainDef>

	<TerrainDef>
		<defName>BridgeWaterMovingChestDeep</defName>
		<label>chest-deep moving water (under bridge)</label>
		<texturePath>Terrain/Surfaces/WaterChestDeepRamp</texturePath>
		<waterDepthShader>Map/WaterDepth</waterDepthShader>
		<edgeType>Water</edgeType>
		<renderPrecedence>399</renderPrecedence>
		<pathCost>0</pathCost>
		<fertility>0</fertility>
		<affordances>
			<li>Light</li>
		</affordances>
		<tags>
			<li>Water</li>
		</tags>
		<holdSnow>false</holdSnow>
	</TerrainDef>
	
	<TerrainDef>
		<defName>BridgeWaterShallow</defName>
		<label>shallow water (under bridge)</label>
		<texturePath>Terrain/Surfaces/WaterShallowRamp</texturePath>
		<waterDepthShader>Map/WaterDepth</waterDepthShader>
		<edgeType>Water</edgeType>
		<renderPrecedence>394</renderPrecedence>
		<pathCost>0</pathCost>
		<fertility>0</fertility>
		<affordances>
			<li>Light</li>
		</affordances>
		<tags>
			<li>Water</li>
		</tags>
		<holdSnow>false</holdSnow>
	</TerrainDef>

	<TerrainDef>
		<defName>BridgeWaterOceanShallow</defName>
		<label>shallow ocean water (under bridge)</label>
		<texturePath>Terrain/Surfaces/WaterShallowRamp</texturePath>
		<waterDepthShader>Map/WaterDepth</waterDepthShader>
		<edgeType>Water</edgeType>
		<renderPrecedence>396</renderPrecedence>
		<pathCost>0</pathCost>
		<fertility>0</fertility>
		<affordances>
			<li>Light</li>
		</affordances>
		<tags>
			<li>Water</li>
		</tags>
		<holdSnow>false</holdSnow>
	</TerrainDef>

	<TerrainDef>
		<defName>BridgeWaterMovingShallow</defName>
		<label>shallow moving water (under bridge)</label>
		<texturePath>Terrain/Surfaces/WaterShallowRamp</texturePath>
		<waterDepthShader>Map/WaterDepth</waterDepthShader>
		<edgeType>Water</edgeType>
		<renderPrecedence>398</renderPrecedence>
		<pathCost>0</pathCost>
		<fertility>0</fertility>
		<affordances>
			<li>Light</li>
		</affordances>
		<tags>
			<li>River</li>
			<li>Water</li>
		</tags>
		<holdSnow>false</holdSnow>
	</TerrainDef>

	<TerrainDef>
		<defName>BridgeMarsh</defName>
		<label>marsh (under bridge)</label>
		<texturePath>Terrain/Surfaces/Marsh</texturePath>
		<edgeType>FadeRough</edgeType>
		<renderPrecedence>325</renderPrecedence>
		<pathCost>0</pathCost>
		<fertility>0</fertility>
		<affordances>
			<li>Light</li>
		</affordances>
	</TerrainDef>

	<TerrainDef>
		<defName>BridgeMud</defName>
		<label>mud (under boardwalk)</label>
		<texturePath>Terrain/Surfaces/Mud</texturePath>
		<edgeType>FadeRough</edgeType>
		<renderPrecedence>330</renderPrecedence>
		<pathCost>0</pathCost>
		<fertility>0</fertility>
		<affordances>
			<li>Light</li>
		</affordances>
	</TerrainDef>

	<TerrainDef>
		<defName>BridgeSand</defName>
		<label>sand (under boardwalk)</label>
		<texturePath>Terrain/Surfaces/Sand</texturePath>
		<edgeType>FadeRough</edgeType>
		<renderPrecedence>350</renderPrecedence>
		<pathCost>0</pathCost>
		<fertility>0</fertility>
		<affordances>
			<li>Light</li>
			<li>Medium</li>
			<li>Heavy</li>
		</affordances>
	</TerrainDef>

	<TerrainDef>
		<defName>BridgeMarshyTerrain</defName>
		<label>marshy soil (under boardwalk)</label>
		<texturePath>Terrain/Surfaces/MarshyTerrain</texturePath>
		<edgeType>FadeRough</edgeType>
		<renderPrecedence>337</renderPrecedence>
		<pathCost>0</pathCost>
		<fertility>0</fertility>
		<affordances>
			<li>Light</li>
			<li>Medium</li>
			<li>Heavy</li>
		</affordances>
	</TerrainDef>

	<TerrainDef>
		<defName>BridgeIce</defName>
		<label>ice (under boardwalk)</label>
		<texturePath>Terrain/Surfaces/Ice</texturePath>
		<edgeType>FadeRough</edgeType>
		<renderPrecedence>350</renderPrecedence>
		<pathCost>0</pathCost>
		<fertility>0</fertility>
		<affordances>
			<li>Light</li>
			<li>Medium</li>
			<li>Heavy</li>
		</affordances>
	</TerrainDef>

	<TerrainDef>
		<defName>BridgeLand</defName>
		<label>ground (under boardwalk)</label>
		<texturePath>Terrain/Surfaces/Soil</texturePath>
		<edgeType>FadeRough</edgeType>
		<renderPrecedence>340</renderPrecedence>
		<pathCost>0</pathCost>
		<fertility>0</fertility>
		<affordances>
			<li>Light</li>
			<li>Medium</li>
			<li>Heavy</li>
		</affordances>
	</TerrainDef>
	
	<!-- Heavy Bridge Terrains -->

	<TerrainDef>
		<defName>StoneBridgeWaterDeep</defName>
		<label>deep water (under bridge)</label>
		<texturePath>Terrain/Surfaces/WaterDeepRamp</texturePath>
		<waterDepthShader>Map/WaterDepth</waterDepthShader>
		<edgeType>Water</edgeType>
		<renderPrecedence>395</renderPrecedence>
		<pathCost>0</pathCost>
		<fertility>0</fertility>
		<affordances>
			<li>Light</li>
			<li>Medium</li>
			<li>Heavy</li>
		</affordances>
		<tags>
			<li>Water</li>
		</tags>
		<holdSnow>false</holdSnow>
	</TerrainDef>

	<TerrainDef>
		<defName>StoneBridgeWaterOceanDeep</defName>
		<label>deep ocean water (under bridge)</label>
		<texturePath>Terrain/Surfaces/WaterDeepRamp</texturePath>
		<waterDepthShader>Map/WaterDepth</waterDepthShader>
		<edgeType>Water</edgeType>
		<renderPrecedence>397</renderPrecedence>
		<pathCost>0</pathCost>
		<fertility>0</fertility>
		<affordances>
			<li>Light</li>
			<li>Medium</li>
			<li>Heavy</li>
		</affordances>
		<tags>
			<li>Water</li>
		</tags>
		<holdSnow>false</holdSnow>
	</TerrainDef>

	<TerrainDef>
		<defName>StoneBridgeWaterMovingChestDeep</defName>
		<label>chest-deep moving water (under bridge)</label>
		<texturePath>Terrain/Surfaces/WaterChestDeepRamp</texturePath>
		<waterDepthShader>Map/WaterDepth</waterDepthShader>
		<edgeType>Water</edgeType>
		<renderPrecedence>399</renderPrecedence>
		<pathCost>0</pathCost>
		<fertility>0</fertility>
		<affordances>
			<li>Light</li>
			<li>Medium</li>
			<li>Heavy</li>
		</affordances>
		<tags>
			<li>Water</li>
		</tags>
		<holdSnow>false</holdSnow>
	</TerrainDef>
  
	<TerrainDef>
		<defName>StoneBridgeWaterShallow</defName>
		<label>shallow water (under bridge)</label>
		<texturePath>Terrain/Surfaces/WaterShallowRamp</texturePath>
		<waterDepthShader>Map/WaterDepth</waterDepthShader>
		<edgeType>Water</edgeType>
		<renderPrecedence>394</renderPrecedence>
		<pathCost>0</pathCost>
		<fertility>0</fertility>
		<affordances>
			<li>Light</li>
			<li>Medium</li>
			<li>Heavy</li>
		</affordances>
		<tags>
			<li>Water</li>
		</tags>
		<holdSnow>false</holdSnow>
	</TerrainDef>

	<TerrainDef>
		<defName>StoneBridgeWaterOceanShallow</defName>
		<label>shallow ocean water (under bridge)</label>
		<texturePath>Terrain/Surfaces/WaterShallowRamp</texturePath>
		<waterDepthShader>Map/WaterDepth</waterDepthShader>
		<edgeType>Water</edgeType>
		<renderPrecedence>396</renderPrecedence>
		<pathCost>0</pathCost>
		<fertility>0</fertility>
		<affordances>
			<li>Light</li>
			<li>Medium</li>
			<li>Heavy</li>
		</affordances>
		<tags>
			<li>Water</li>
		</tags>
		<holdSnow>false</holdSnow>
	</TerrainDef>

	<TerrainDef>
		<defName>StoneBridgeWaterMovingShallow</defName>
		<label>shallow moving water (under bridge)</label>
		<texturePath>Terrain/Surfaces/WaterShallowRamp</texturePath>
		<waterDepthShader>Map/WaterDepth</waterDepthShader>
		<edgeType>Water</edgeType>
		<renderPrecedence>398</renderPrecedence>
		<pathCost>0</pathCost>
		<fertility>0</fertility>
		<affordances>
			<li>Light</li>
			<li>Medium</li>
			<li>Heavy</li>
		</affordances>
		<tags>
			<li>River</li>
			<li>Water</li>
		</tags>
		<holdSnow>false</holdSnow>
	</TerrainDef>

	<TerrainDef>
		<defName>StoneBridgeMarsh</defName>
		<label>marsh (under bridge)</label>
		<texturePath>Terrain/Surfaces/Marsh</texturePath>
		<edgeType>FadeRough</edgeType>
		<renderPrecedence>325</renderPrecedence>
		<pathCost>0</pathCost>
		<fertility>0</fertility>
		<affordances>
			<li>Light</li>
			<li>Medium</li>
			<li>Heavy</li>
		</affordances>
	</TerrainDef>

	<TerrainDef>
		<defName>StoneBridgeMud</defName>
		<label>mud (under boardwalk)</label>
		<texturePath>Terrain/Surfaces/Mud</texturePath>
		<edgeType>FadeRough</edgeType>
		<renderPrecedence>330</renderPrecedence>
		<pathCost>0</pathCost>
		<fertility>0</fertility>
		<affordances>
			<li>Light</li>
			<li>Medium</li>
			<li>Heavy</li>
		</affordances>
	</TerrainDef>

	<TerrainDef>
		<defName>StoneBridgeSand</defName>
		<label>sand (under boardwalk)</label>
		<texturePath>Terrain/Surfaces/Sand</texturePath>
		<edgeType>FadeRough</edgeType>
		<renderPrecedence>350</renderPrecedence>
		<pathCost>0</pathCost>
		<fertility>0</fertility>
		<affordances>
			<li>Light</li>
			<li>Medium</li>
			<li>Heavy</li>
		</affordances>
	</TerrainDef>

	<TerrainDef>
		<defName>StoneBridgeMarshyTerrain</defName>
		<label>marshy soil (under boardwalk)</label>
		<texturePath>Terrain/Surfaces/MarshyTerrain</texturePath>
		<edgeType>FadeRough</edgeType>
		<renderPrecedence>337</renderPrecedence>
		<pathCost>0</pathCost>
		<fertility>0</fertility>
		<affordances>
			<li>Light</li>
			<li>Medium</li>
			<li>Heavy</li>
		</affordances>
	</TerrainDef>

	<TerrainDef>
		<defName>StoneBridgeIce</defName>
		<label>ice (under boardwalk)</label>
		<texturePath>Terrain/Surfaces/Ice</texturePath>
		<edgeType>FadeRough</edgeType>
		<renderPrecedence>350</renderPrecedence>
		<pathCost>0</pathCost>
		<fertility>0</fertility>
		<affordances>
			<li>Light</li>
			<li>Medium</li>
			<li>Heavy</li>
		</affordances>
	</TerrainDef>
	
	<TerrainDef>
		<defName>StoneBridgeLand</defName>
		<label>ground (under boardwalk)</label>
		<texturePath>Terrain/Surfaces/Soil</texturePath>
		<edgeType>FadeRough</edgeType>
		<renderPrecedence>340</renderPrecedence>
		<pathCost>0</pathCost>
		<fertility>0</fertility>
		<affordances>
			<li>Light</li>
			<li>Medium</li>
			<li>Heavy</li>
		</affordances>
	</TerrainDef>
	
</Defs>
