﻿<?xml version="1.0" encoding="utf-8" ?>
<Defs>

	<ThingDef>
		<defName>RBB_Bridge</defName>
		<label>Basic Bridge</label>
		<description>A basic wooden pier-style bridge. Useful for crossing rivers without getting your feet wet. Can be built over shallow water, marsh or mud.</description>
		<category>Building</category>
		<thingClass>RBB_Code.Building_Bridge</thingClass>
		<graphicData>
			<texPath>Bridge_Atlas_Planks</texPath>
			<graphicClass>Graphic_Single</graphicClass>
			<linkType>Basic</linkType>
			<linkFlags><li>Custom8</li></linkFlags>
		</graphicData>
		<uiIconPath>Bridge_Icon</uiIconPath>
		<size>(1,1)</size>
		<leaveResourcesWhenKilled>true</leaveResourcesWhenKilled>
		<soundImpactDefault>BulletImpact_Wood</soundImpactDefault>
		<drawerType>MapMeshAndRealTime</drawerType>
		<repairEffect>Repair</repairEffect>
		<filthLeaving>Filth_RubbleBuilding</filthLeaving>
		<altitudeLayer>Floor</altitudeLayer>
		<passability>Standable</passability>
		<blockWind>false</blockWind>
		<placingDraggableDimensions>2</placingDraggableDimensions>
		<rotatable>false</rotatable>
		<selectable>true</selectable>
		<holdsRoof>false</holdsRoof>
		<designationCategory>Structure</designationCategory>
		<tickerType>Never</tickerType>
		<useHitPoints>false</useHitPoints>
		<statBases>
			<WorkToBuild>300</WorkToBuild>
			<Mass>50</Mass>
			<Flammability>0.0</Flammability>
			<Beauty>1</Beauty>
		</statBases> 
		<stuffCategories>
			<li>Woody</li>
		</stuffCategories>
		<costStuffCount>10</costStuffCount>
		<damageMultipliers>
			<li>
				<damageDef>Bomb</damageDef>
				<multiplier>2</multiplier>
			</li>
		</damageMultipliers>
		<castEdgeShadows>False</castEdgeShadows>
		<terrainAffordanceNeeded>Bridgeable</terrainAffordanceNeeded>
		<pathCost>2</pathCost>
		<placeWorkers>
			<li>RBB_Code.PlaceWorker_BasicBridge</li>
		</placeWorkers>
		<building>
			<isEdifice>false</isEdifice>
		</building>
	</ThingDef>
	
	<ThingDef>
		<defName>RBB_DeepBridge</defName>
		<label>Deep Water Bridge</label>
		<description>A reinforced wooden bridge, designed to allow passage across deeper water. A bit harder to build than a basic bridge. Can only be built over deep water.</description>
		<category>Building</category>
		<thingClass>RBB_Code.Building_Bridge</thingClass>
		<graphicData>
			<texPath>Bridge_Atlas_Planks</texPath>
			<graphicClass>Graphic_Single</graphicClass>
			<linkType>Basic</linkType>
			<linkFlags><li>Custom8</li></linkFlags>
		</graphicData>
		<uiIconPath>Bridge_Icon</uiIconPath>
		<size>(1,1)</size>
		<leaveResourcesWhenKilled>true</leaveResourcesWhenKilled>
		<soundImpactDefault>BulletImpact_Wood</soundImpactDefault>
		<drawerType>MapMeshAndRealTime</drawerType>
		<repairEffect>Repair</repairEffect>
		<filthLeaving>Filth_RubbleBuilding</filthLeaving>
		<altitudeLayer>Floor</altitudeLayer>
		<passability>Standable</passability>
		<blockWind>false</blockWind>
		<placingDraggableDimensions>2</placingDraggableDimensions>
		<rotatable>false</rotatable>
		<selectable>true</selectable>
		<holdsRoof>false</holdsRoof>
		<designationCategory>Structure</designationCategory>
		<tickerType>Never</tickerType>
		<useHitPoints>false</useHitPoints>
		<statBases>
			<WorkToBuild>600</WorkToBuild>
			<Mass>50</Mass>
			<Flammability>0.0</Flammability>
			<Beauty>1</Beauty>
		</statBases> 
		<stuffCategories>
			<li>Woody</li>
		</stuffCategories>
		<costStuffCount>20</costStuffCount>
		<costList>
			<Steel>1</Steel>
		</costList>
		<damageMultipliers>
			<li>
				<damageDef>Bomb</damageDef>
				<multiplier>2</multiplier>
			</li>
		</damageMultipliers>
		<castEdgeShadows>False</castEdgeShadows>
		<terrainAffordanceNeeded>BridgeableDeep</terrainAffordanceNeeded>
		<pathCost>2</pathCost>
		<placeWorkers>
			<li>RBB_Code.PlaceWorker_DeepWaterBridge</li>
		</placeWorkers>
		<building>
			<isEdifice>false</isEdifice>
		</building>
	</ThingDef>

	<ThingDef>
		<defName>RBB_Boardwalk</defName>
		<label>Boardwalk</label>
		<description>It looks like a wooden bridge, but it sits over land. Use it to put aesthetic finishing touches on your bridges or piers. Can be built over land in close proximity to water.</description>
		<category>Building</category>
		<thingClass>RBB_Code.Building_Bridge</thingClass>
		<graphicData>
			<texPath>Bridge_Atlas_Planks</texPath>
			<graphicClass>Graphic_Single</graphicClass>
			<linkType>Basic</linkType>
			<linkFlags><li>Custom8</li></linkFlags>
		</graphicData>
		<uiIconPath>Bridge_Icon</uiIconPath>
		<size>(1,1)</size>
		<leaveResourcesWhenKilled>true</leaveResourcesWhenKilled>
		<soundImpactDefault>BulletImpact_Wood</soundImpactDefault>
		<drawerType>MapMeshAndRealTime</drawerType>
		<repairEffect>Repair</repairEffect>
		<filthLeaving>Filth_RubbleBuilding</filthLeaving>
		<altitudeLayer>Floor</altitudeLayer>
		<passability>Standable</passability>
		<blockWind>false</blockWind>
		<placingDraggableDimensions>2</placingDraggableDimensions>
		<rotatable>false</rotatable>
		<selectable>true</selectable>
		<holdsRoof>false</holdsRoof>
		<designationCategory>Structure</designationCategory>
		<tickerType>Never</tickerType>
		<useHitPoints>false</useHitPoints>
		<statBases>
			<WorkToBuild>250</WorkToBuild>
			<Mass>50</Mass>
			<Flammability>0.0</Flammability>
			<Beauty>1</Beauty>
		</statBases> 
		<stuffCategories>
			<li>Woody</li>
		</stuffCategories>
		<costStuffCount>5</costStuffCount>
		<damageMultipliers>
			<li>
				<damageDef>Bomb</damageDef>
				<multiplier>2</multiplier>
			</li>
		</damageMultipliers>
		<castEdgeShadows>False</castEdgeShadows>
		<terrainAffordanceNeeded>Light</terrainAffordanceNeeded>
		<pathCost>2</pathCost>
		<placeWorkers>
			<li>RBB_Code.PlaceWorker_Boardwalk</li>
		</placeWorkers>
		<building>
			<isEdifice>false</isEdifice>
		</building>
	</ThingDef>

	<ThingDef>
		<defName>RBB_Bridge_Stone</defName>
		<label>Heavy Bridge</label>
		<description>A heavy-duty bridge. Can be built from stone or metal over shallow water, marsh or mud.</description>
		<category>Building</category>
		<thingClass>RBB_Code.Building_Bridge_Stone</thingClass>
		<graphicData>
			<texPath>Bridge_Atlas_Stone</texPath>
			<graphicClass>Graphic_Single</graphicClass>
			<linkType>Basic</linkType>
			<linkFlags><li>Custom9</li></linkFlags>
		</graphicData>
		<uiIconPath>Bridge_Icon_Stone</uiIconPath>
		<size>(1,1)</size>
		<leaveResourcesWhenKilled>true</leaveResourcesWhenKilled>
		<soundImpactDefault>BulletImpact_Metal</soundImpactDefault>
		<drawerType>MapMeshAndRealTime</drawerType>
		<repairEffect>Repair</repairEffect>
		<filthLeaving>Filth_RubbleBuilding</filthLeaving>
		<altitudeLayer>Floor</altitudeLayer>
		<passability>Standable</passability>
		<blockWind>false</blockWind>
		<placingDraggableDimensions>2</placingDraggableDimensions>
		<rotatable>false</rotatable>
		<selectable>true</selectable>
		<holdsRoof>false</holdsRoof>
		<designationCategory>Structure</designationCategory>
		<tickerType>Never</tickerType>
		<useHitPoints>false</useHitPoints>
		<statBases>
			<WorkToBuild>450</WorkToBuild>
			<Mass>50</Mass>
			<Flammability>0.0</Flammability>
			<Beauty>1</Beauty>
		</statBases> 
		<stuffCategories>
			<li>Stony</li>
			<li>Metallic</li>
		</stuffCategories>
		<costStuffCount>10</costStuffCount>
		<damageMultipliers>
			<li>
				<damageDef>Bomb</damageDef>
				<multiplier>2</multiplier>
			</li>
		</damageMultipliers>
		<castEdgeShadows>False</castEdgeShadows>
		<terrainAffordanceNeeded>Bridgeable</terrainAffordanceNeeded>
		<pathCost>2</pathCost>
		<placeWorkers>
			<li>RBB_Code.PlaceWorker_BasicBridge</li>
		</placeWorkers>
		<building>
			<isEdifice>false</isEdifice>
		</building>
		<researchPrerequisites>
			<li>AdvBridges</li>
		</researchPrerequisites>
	</ThingDef>
	
	<ThingDef>
		<defName>RBB_DeepBridge_Stone</defName>
		<label>Heavy Deep Water Bridge</label>
		<description>A reinforced heavy-duty bridge, designed to allow passage across deeper water. Can be built from stone or metal, but only over deep water.</description>
		<category>Building</category>
		<thingClass>RBB_Code.Building_Bridge_Stone</thingClass>
		<graphicData>
			<texPath>Bridge_Atlas_Stone</texPath>
			<graphicClass>Graphic_Single</graphicClass>
			<linkType>Basic</linkType>
			<linkFlags><li>Custom9</li></linkFlags>
		</graphicData>
		<uiIconPath>Bridge_Icon_Stone</uiIconPath>
		<size>(1,1)</size>
		<leaveResourcesWhenKilled>true</leaveResourcesWhenKilled>
		<soundImpactDefault>BulletImpact_Metal</soundImpactDefault>
		<drawerType>MapMeshAndRealTime</drawerType>
		<repairEffect>Repair</repairEffect>
		<filthLeaving>Filth_RubbleBuilding</filthLeaving>
		<altitudeLayer>Floor</altitudeLayer>
		<passability>Standable</passability>
		<blockWind>false</blockWind>
		<placingDraggableDimensions>2</placingDraggableDimensions>
		<rotatable>false</rotatable>
		<selectable>true</selectable>
		<holdsRoof>false</holdsRoof>
		<designationCategory>Structure</designationCategory>
		<tickerType>Never</tickerType>
		<useHitPoints>false</useHitPoints>
		<statBases>
			<WorkToBuild>900</WorkToBuild>
			<Mass>50</Mass>
			<Flammability>0.0</Flammability>
			<Beauty>1</Beauty>
		</statBases> 
		<stuffCategories>
			<li>Stony</li>
			<li>Metallic</li>
		</stuffCategories>
		<costStuffCount>20</costStuffCount>
		<costList>
			<Steel>1</Steel>
		</costList>
		<damageMultipliers>
			<li>
				<damageDef>Bomb</damageDef>
				<multiplier>2</multiplier>
			</li>
		</damageMultipliers>
		<castEdgeShadows>False</castEdgeShadows>
		<terrainAffordanceNeeded>BridgeableDeep</terrainAffordanceNeeded>
		<pathCost>2</pathCost>
		<placeWorkers>
			<li>RBB_Code.PlaceWorker_DeepWaterBridge</li>
		</placeWorkers>
		<building>
			<isEdifice>false</isEdifice>
		</building>
		<researchPrerequisites>
			<li>AdvBridges</li>
		</researchPrerequisites>
	</ThingDef>

	<ThingDef>
		<defName>RBB_Boardwalk_Stone</defName>
		<label>Heavy Boardwalk</label>
		<description>It looks like a bridge, but it sits over land. Use it to put aesthetic finishing touches on your bridges or piers. Can be built from stone or metal over land in close proximity to water.</description>
		<category>Building</category>
		<thingClass>RBB_Code.Building_Bridge_Stone</thingClass>
		<graphicData>
			<texPath>Bridge_Atlas_Stone</texPath>
			<graphicClass>Graphic_Single</graphicClass>
			<linkType>Basic</linkType>
			<linkFlags><li>Custom9</li></linkFlags>
		</graphicData>
		<uiIconPath>Bridge_Icon_Stone</uiIconPath>
		<size>(1,1)</size>
		<leaveResourcesWhenKilled>true</leaveResourcesWhenKilled>
		<soundImpactDefault>BulletImpact_Metal</soundImpactDefault>
		<drawerType>MapMeshAndRealTime</drawerType>
		<repairEffect>Repair</repairEffect>
		<filthLeaving>Filth_RubbleBuilding</filthLeaving>
		<altitudeLayer>Floor</altitudeLayer>
		<passability>Standable</passability>
		<blockWind>false</blockWind>
		<placingDraggableDimensions>2</placingDraggableDimensions>
		<rotatable>false</rotatable>
		<selectable>true</selectable>
		<holdsRoof>false</holdsRoof>
		<designationCategory>Structure</designationCategory>
		<tickerType>Never</tickerType>
		<useHitPoints>false</useHitPoints>
		<statBases>
			<WorkToBuild>375</WorkToBuild>
			<Mass>50</Mass>
			<Flammability>0.0</Flammability>
			<Beauty>1</Beauty>
		</statBases> 
		<stuffCategories>
			<li>Stony</li>
			<li>Metallic</li>
		</stuffCategories>
		<costStuffCount>5</costStuffCount>
		<damageMultipliers>
			<li>
				<damageDef>Bomb</damageDef>
				<multiplier>2</multiplier>
			</li>
		</damageMultipliers>
		<castEdgeShadows>False</castEdgeShadows>
		<terrainAffordanceNeeded>Light</terrainAffordanceNeeded>
		<pathCost>2</pathCost>
		<placeWorkers>
			<li>RBB_Code.PlaceWorker_Boardwalk</li>
		</placeWorkers>
		<building>
			<isEdifice>false</isEdifice>
		</building>
		<researchPrerequisites>
			<li>AdvBridges</li>
		</researchPrerequisites>
	</ThingDef>

	<ThingDef>
		<defName>RBB_WatergazingSpot</defName>
		<label>watergazing spot</label>
		<description>A spot from which pawns can just relax and watch the water. Place on a bridge or pier next to water.</description>
		<category>Building</category>
		<thingClass>RBB_Code.Building_WatergazingSpot</thingClass>
		<graphicData>
			<texPath>WGSpot</texPath>
			<shaderType>MetaOverlay</shaderType>
			<graphicClass>Graphic_Single</graphicClass>
			<drawSize>(1,1)</drawSize>
		</graphicData>
		<tickerType>Rare</tickerType>
		<altitudeLayer>FloorEmplacement</altitudeLayer>
		<statBases>
			<WorkToBuild>0</WorkToBuild>
			<SellPriceFactor>0.70</SellPriceFactor>
		</statBases>
		<soundImpactDefault>BulletImpact_Metal</soundImpactDefault>
		<selectable>true</selectable>
		<drawerType>MapMeshAndRealTime</drawerType>
		<repairEffect>Repair</repairEffect>
		<scatterableOnMapGen>false</scatterableOnMapGen>
		<useHitPoints>False</useHitPoints>
		<size>(1,1)</size>
		<designationCategory>Joy</designationCategory>
		<passability>Standable</passability>
		<hasInteractionCell>True</hasInteractionCell>
		<interactionCellOffset>(0,0,-1)</interactionCellOffset>
		<surfaceType>Item</surfaceType>
		<comps>
			<li><compClass>CompForbiddable</compClass></li>
		</comps>
		<building>
			<spawnedConceptLearnOpportunity>BillsTab</spawnedConceptLearnOpportunity>
		</building>
		<terrainAffordanceNeeded>Scenic</terrainAffordanceNeeded>
		<placeWorkers>
			<li>RBB_Code.PlaceWorker_WatergazingSpot</li>
		</placeWorkers>
	</ThingDef>
	
</Defs>
